Workbook

Sheet Hoja1
A1: FECHA | B1: PM25 | C1: PM10 | D1: SO2 | E1: O3 | F1: NO | G1: NO2 | H1: C6H6 | I1: NOx | J1: CO | K1: temperatura | L1: humedad | M1: ingresos | N1: exitus
A2: 42741 | B2: =AVERAGE([1]Hoja1!B2:B6) -> 21.052259 | C2: =AVERAGE([1]Hoja1!C2:C6) -> 31.732402 | D2: =AVERAGE([1]Hoja1!D2:D6) -> 7.382374 | E2: =AVERAGE([1]Hoja1!E2:E6) -> 15.293097 | F2: =AVERAGE([1]Hoja1!F2:F6) -> 56.020493 | G2: =AVERAGE([1]Hoja1!G2:G6) -> 51.905955 | H2: =AVERAGE([1]Hoja1!H2:H6) -> 1.7397903 | I2: =AVERAGE([1]Hoja1!I2:I6) -> 138.24863 | ... L2: =AVERAGE([1]Hoja1!L2:L6) -> 92.296 | M2: 17 | N2: 1
A3: 42742 | B3: =AVERAGE([1]Hoja1!B3:B7) -> 19.487836 | C3: =AVERAGE([1]Hoja1!C3:C7) -> 30.30552 | D3: =AVERAGE([1]Hoja1!D3:D7) -> 7.7683115 | E3: =AVERAGE([1]Hoja1!E3:E7) -> 15.693876 | F3: =AVERAGE([1]Hoja1!F3:F7) -> 61.867302 | G3: =AVERAGE([1]Hoja1!G3:G7) -> 53.897799 | H3: =AVERAGE([1]Hoja1!H3:H7) -> 1.773957 | I3: =AVERAGE([1]Hoja1!I3:I7) -> 149.11264 | ... L3: =AVERAGE([1]Hoja1!L3:L7) -> 89.619667 | M3: 20 | N3: 1
A4: 42743 | B4: =AVERAGE([1]Hoja1!B4:B8) -> 18.834769 | C4: =AVERAGE([1]Hoja1!C4:C8) -> 29.662622 | D4: =AVERAGE([1]Hoja1!D4:D8) -> 7.9598835 | E4: =AVERAGE([1]Hoja1!E4:E8) -> 15.814831 | F4: =AVERAGE([1]Hoja1!F4:F8) -> 66.636391 | G4: =AVERAGE([1]Hoja1!G4:G8) -> 55.215762 | H4: =AVERAGE([1]Hoja1!H4:H8) -> 1.8055194 | I4: =AVERAGE([1]Hoja1!I4:I8) -> 157.66643 | ... L4: =AVERAGE([1]Hoja1!L4:L8) -> 87.758 | M4: 17 | N4: 2
A5: 42744 | B5: =AVERAGE([1]Hoja1!B5:B9) -> 17.232117 | C5: =AVERAGE([1]Hoja1!C5:C9) -> 26.740487 | D5: =AVERAGE([1]Hoja1!D5:D9) -> 8.0164279 | E5: =AVERAGE([1]Hoja1!E5:E9) -> 17.071243 | F5: =AVERAGE([1]Hoja1!F5:F9) -> 61.564543 | G5: =AVERAGE([1]Hoja1!G5:G9) -> 54.32352 | H5: =AVERAGE([1]Hoja1!H5:H9) -> 1.7517231 | I5: =AVERAGE([1]Hoja1!I5:I9) -> 148.01209 | ... L5: =AVERAGE([1]Hoja1!L5:L9) -> 86.475333 | M5: 38 | N5: 5
A6: 42745 | B6: =AVERAGE([1]Hoja1!B6:B10) -> 15.749668 | C6: =AVERAGE([1]Hoja1!C6:C10) -> 25.088097 | D6: =AVERAGE([1]Hoja1!D6:D10) -> 8.3675601 | E6: =AVERAGE([1]Hoja1!E6:E10) -> 17.663373 | F6: =AVERAGE([1]Hoja1!F6:F10) -> 63.787389 | G6: =AVERAGE([1]Hoja1!G6:G10) -> 56.497351 | H6: =AVERAGE([1]Hoja1!H6:H10) -> 1.7088022 | I6: =AVERAGE([1]Hoja1!I6:I10) -> 155.16582 | ... L6: =AVERAGE([1]Hoja1!L6:L10) -> 83.088667 | M6: 51 | N6: 8
A7: 42746 | B7: =AVERAGE([1]Hoja1!B7:B11) -> 15.120837 | C7: =AVERAGE([1]Hoja1!C7:C11) -> 24.515921 | D7: =AVERAGE([1]Hoja1!D7:D11) -> 9.1154762 | E7: =AVERAGE([1]Hoja1!E7:E11) -> 18.843452 | F7: =AVERAGE([1]Hoja1!F7:F11) -> 63.639985 | G7: =AVERAGE([1]Hoja1!G7:G11) -> 57.490928 | H7: =AVERAGE([1]Hoja1!H7:H11) -> 1.6324328 | I7: =AVERAGE([1]Hoja1!I7:I11) -> 154.90132 | ... L7: =AVERAGE([1]Hoja1!L7:L11) -> 80.009333 | M7: 54 | N7: 1
A8: 42747 | B8: =AVERAGE([1]Hoja1!B8:B12) -> 13.925141 | C8: =AVERAGE([1]Hoja1!C8:C12) -> 23.377817 | D8: =AVERAGE([1]Hoja1!D8:D12) -> 9.1714363 | E8: =AVERAGE([1]Hoja1!E8:E12) -> 20.466066 | F8: =AVERAGE([1]Hoja1!F8:F12) -> 60.777427 | G8: =AVERAGE([1]Hoja1!G8:G12) -> 56.621144 | H8: =AVERAGE([1]Hoja1!H8:H12) -> 1.528859 | I8: =AVERAGE([1]Hoja1!I8:I12) -> 150.3614 | ... L8: =AVERAGE([1]Hoja1!L8:L12) -> 79.445333 | M8: 31 | N8: 1
A9: 42748 | B9: =AVERAGE([1]Hoja1!B9:B13) -> 13.546576 | C9: =AVERAGE([1]Hoja1!C9:C13) -> 22.737871 | D9: =AVERAGE([1]Hoja1!D9:D13) -> 8.9814661 | E9: =AVERAGE([1]Hoja1!E9:E13) -> 20.42404 | F9: =AVERAGE([1]Hoja1!F9:F13) -> 61.458 | G9: =AVERAGE([1]Hoja1!G9:G13) -> 54.334706 | H9: =AVERAGE([1]Hoja1!H9:H13) -> 1.5362942 | I9: =AVERAGE([1]Hoja1!I9:I13) -> 148.06459 | ... L9: =AVERAGE([1]Hoja1!L9:L13) -> 80.668333 | M9: 29 | N9: 0
A10: 42749 | B10: =AVERAGE([1]Hoja1!B10:B14) -> 11.56653 | C10: =AVERAGE([1]Hoja1!C10:C14) -> 19.920688 | D10: =AVERAGE([1]Hoja1!D10:D14) -> 8.4868165 | E10: =AVERAGE([1]Hoja1!E10:E14) -> 26.959 | F10: =AVERAGE([1]Hoja1!F10:F14) -> 52.992162 | G10: =AVERAGE([1]Hoja1!G10:G14) -> 49.472193 | H10: =AVERAGE([1]Hoja1!H10:H14) -> 1.3380534 | I10: =AVERAGE([1]Hoja1!I10:I14) -> 130.46973 | ... L10: =AVERAGE([1]Hoja1!L10:L14) -> 77.398 | M10: 15 | N10: 0
A11: 42750 | B11: =AVERAGE([1]Hoja1!B11:B15) -> 9.8291852 | C11: =AVERAGE([1]Hoja1!C11:C15) -> 16.400132 | D11: =AVERAGE([1]Hoja1!D11:D15) -> 7.957129 | E11: =AVERAGE([1]Hoja1!E11:E15) -> 32.057242 | F11: =AVERAGE([1]Hoja1!F11:F15) -> 40.029752 | G11: =AVERAGE([1]Hoja1!G11:G15) -> 43.824617 | H11: =AVERAGE([1]Hoja1!H11:H15) -> 1.1724642 | I11: =AVERAGE([1]Hoja1!I11:I15) -> 104.63526 | ... L11: =AVERAGE([1]Hoja1!L11:L15) -> 75.715667 | M11: 26 | N11: 7
A12: 42751 | B12: =AVERAGE([1]Hoja1!B12:B16) -> 7.9603446 | C12: =AVERAGE([1]Hoja1!C12:C16) -> 12.916243 | D12: =AVERAGE([1]Hoja1!D12:D16) -> 7.0588403 | E12: =AVERAGE([1]Hoja1!E12:E16) -> 37.633701 | F12: =AVERAGE([1]Hoja1!F12:F16) -> 28.876291 | G12: =AVERAGE([1]Hoja1!G12:G16) -> 38.496158 | H12: =AVERAGE([1]Hoja1!H12:H16) -> 1.0440188 | I12: =AVERAGE([1]Hoja1!I12:I16) -> 82.727008 | ... L12: =AVERAGE([1]Hoja1!L12:L16) -> 74.045667 | M12: 35 | N12: 5
A13: 42752 | B13: =AVERAGE([1]Hoja1!B13:B17) -> 7.7316593 | C13: =AVERAGE([1]Hoja1!C13:C17) -> 12.39704 | D13: =AVERAGE([1]Hoja1!D13:D17) -> 6.9114399 | E13: =AVERAGE([1]Hoja1!E13:E17) -> 40.108613 | F13: =AVERAGE([1]Hoja1!F13:F17) -> 26.276783 | G13: =AVERAGE([1]Hoja1!G13:G17) -> 38.143905 | H13: =AVERAGE([1]Hoja1!H13:H17) -> 0.97231481 | I13: =AVERAGE([1]Hoja1!I13:I17) -> 77.947219 | ... L13: =AVERAGE([1]Hoja1!L13:L17) -> 72.511667 | M13: 26 | N13: 2
... A1091: 43830 | B1091: =AVERAGE([1]Hoja1!B1091:B1095) -> 13.414366 | C1091: =AVERAGE([1]Hoja1!C1091:C1095) -> 14.718703 | D1091: =AVERAGE([1]Hoja1!D1091:D1095) -> 2.5475463 | E1091: =AVERAGE([1]Hoja1!E1091:E1095) -> 30.034154 | F1091: =AVERAGE([1]Hoja1!F1091:F1095) -> 10.856207 | G1091: =AVERAGE([1]Hoja1!G1091:G1095) -> 15.52012 | H1091: =AVERAGE([1]Hoja1!H1091:H1095) -> 0.225 | I1091: =AVERAGE([1]Hoja1!I1091:I1095) -> 32.838093 | ... L1091: =AVERAGE([1]Hoja1!L1091:L1095) -> 88.55 | M1091: 1 | N1091: 1

Sheet Hoja2
A1: Número de registro anual | B1: Sexo | C1: Fecha de Inicio contacto | D1: Fecha de Fin Contacto | E1: dias ingresado | F1: PM25 | G1: PM10 | H1: SO2 | I1: O3 | J1: NO | K1: NO2 | L1: C6H6 | M1: NOx | N1: CO | O1: temperatura | P1: humedad
A2: 17840377 | B2: 1 | C2: 42741 | D2: 42748 | E2: =D2-C2 -> 7 | F2: =VLOOKUP($C2,Hoja1!$A:$L, 2, FALSE) -> 21.052259 | G2: =VLOOKUP($C2,Hoja1!$A:$L, 3, FALSE) -> 31.732402 | H2: =VLOOKUP($C2,Hoja1!$A:$L, 4, FALSE) -> 7.382374 | I2: =VLOOKUP($C2,Hoja1!$A:$L, 5, FALSE) -> 15.293097 | J2: =VLOOKUP($C2,Hoja1!$A:$L, 6, FALSE) -> 56.020493 | K2: =VLOOKUP($C2,Hoja1!$A:$L, 7, FALSE) -> 51.905955 | L2: =VLOOKUP($C2,Hoja1!$A:$L, 8, FALSE) -> 1.7397903 | M2: =VLOOKUP($C2,Hoja1!$A:$L, 9, FALSE) -> 138.24863 | N2: =VLOOKUP($C2,Hoja1!$A:$L, 10, FALSE) -> 0.56220349 | O2: =VLOOKUP($C2,Hoja1!$A:$L, 11, FALSE) -> 2.9283333 | P2: =VLOOKUP($C2,Hoja1!$A:$L, 12, FALSE) -> 92.296
A3: 18385239 | B3: 2 | C3: 42741 | D3: 42747 | E3: =D3-C3 -> 6 | F3: =VLOOKUP($C3,Hoja1!A:L, 2, FALSE) -> 21.052259 | G3: =VLOOKUP($C3,Hoja1!$A:$L, 3, FALSE) -> 31.732402 | H3: =VLOOKUP($C3,Hoja1!$A:$L, 4, FALSE) -> 7.382374 | I3: =VLOOKUP($C3,Hoja1!$A:$L, 5, FALSE) -> 15.293097 | J3: =VLOOKUP($C3,Hoja1!$A:$L, 6, FALSE) -> 56.020493 | K3: =VLOOKUP($C3,Hoja1!$A:$L, 7, FALSE) -> 51.905955 | L3: =VLOOKUP($C3,Hoja1!$A:$L, 8, FALSE) -> 1.7397903 | M3: =VLOOKUP($C3,Hoja1!$A:$L, 9, FALSE) -> 138.24863 | N3: =VLOOKUP($C3,Hoja1!$A:$L, 10, FALSE) -> 0.56220349 | O3: =VLOOKUP($C3,Hoja1!$A:$L, 11, FALSE) -> 2.9283333 | P3: =VLOOKUP($C3,Hoja1!$A:$L, 12, FALSE) -> 92.296
A4: 18214627 | B4: 1 | C4: 42741 | D4: 42745 | E4: =D4-C4 -> 4 | F4: =VLOOKUP($C4,Hoja1!A:L, 2, FALSE) -> 21.052259 | G4: =VLOOKUP($C4,Hoja1!$A:$L, 3, FALSE) -> 31.732402 | H4: =VLOOKUP($C4,Hoja1!$A:$L, 4, FALSE) -> 7.382374 | I4: =VLOOKUP($C4,Hoja1!$A:$L, 5, FALSE) -> 15.293097 | J4: =VLOOKUP($C4,Hoja1!$A:$L, 6, FALSE) -> 56.020493 | K4: =VLOOKUP($C4,Hoja1!$A:$L, 7, FALSE) -> 51.905955 | L4: =VLOOKUP($C4,Hoja1!$A:$L, 8, FALSE) -> 1.7397903 | M4: =VLOOKUP($C4,Hoja1!$A:$L, 9, FALSE) -> 138.24863 | N4: =VLOOKUP($C4,Hoja1!$A:$L, 10, FALSE) -> 0.56220349 | O4: =VLOOKUP($C4,Hoja1!$A:$L, 11, FALSE) -> 2.9283333 | P4: =VLOOKUP($C4,Hoja1!$A:$L, 12, FALSE) -> 92.296
A5: 18637506 | B5: 1 | C5: 42741 | D5: 42745 | E5: =D5-C5 -> 4 | F5: =VLOOKUP($C5,Hoja1!A:L, 2, FALSE) -> 21.052259 | G5: =VLOOKUP($C5,Hoja1!$A:$L, 3, FALSE) -> 31.732402 | H5: =VLOOKUP($C5,Hoja1!$A:$L, 4, FALSE) -> 7.382374 | I5: =VLOOKUP($C5,Hoja1!$A:$L, 5, FALSE) -> 15.293097 | J5: =VLOOKUP($C5,Hoja1!$A:$L, 6, FALSE) -> 56.020493 | K5: =VLOOKUP($C5,Hoja1!$A:$L, 7, FALSE) -> 51.905955 | L5: =VLOOKUP($C5,Hoja1!$A:$L, 8, FALSE) -> 1.7397903 | M5: =VLOOKUP($C5,Hoja1!$A:$L, 9, FALSE) -> 138.24863 | N5: =VLOOKUP($C5,Hoja1!$A:$L, 10, FALSE) -> 0.56220349 | O5: =VLOOKUP($C5,Hoja1!$A:$L, 11, FALSE) -> 2.9283333 | P5: =VLOOKUP($C5,Hoja1!$A:$L, 12, FALSE) -> 92.296
A6: 18300537 | B6: 1 | C6: 42741 | D6: 42747 | E6: =D6-C6 -> 6 | F6: =VLOOKUP($C6,Hoja1!A:L, 2, FALSE) -> 21.052259 | G6: =VLOOKUP($C6,Hoja1!$A:$L, 3, FALSE) -> 31.732402 | H6: =VLOOKUP($C6,Hoja1!$A:$L, 4, FALSE) -> 7.382374 | I6: =VLOOKUP($C6,Hoja1!$A:$L, 5, FALSE) -> 15.293097 | J6: =VLOOKUP($C6,Hoja1!$A:$L, 6, FALSE) -> 56.020493 | K6: =VLOOKUP($C6,Hoja1!$A:$L, 7, FALSE) -> 51.905955 | L6: =VLOOKUP($C6,Hoja1!$A:$L, 8, FALSE) -> 1.7397903 | M6: =VLOOKUP($C6,Hoja1!$A:$L, 9, FALSE) -> 138.24863 | N6: =VLOOKUP($C6,Hoja1!$A:$L, 10, FALSE) -> 0.56220349 | O6: =VLOOKUP($C6,Hoja1!$A:$L, 11, FALSE) -> 2.9283333 | P6: =VLOOKUP($C6,Hoja1!$A:$L, 12, FALSE) -> 92.296
A7: 18276453 | B7: 1 | C7: 42741 | D7: 42747 | E7: =D7-C7 -> 6 | F7: =VLOOKUP($C7,Hoja1!A:L, 2, FALSE) -> 21.052259 | G7: =VLOOKUP($C7,Hoja1!$A:$L, 3, FALSE) -> 31.732402 | H7: =VLOOKUP($C7,Hoja1!$A:$L, 4, FALSE) -> 7.382374 | I7: =VLOOKUP($C7,Hoja1!$A:$L, 5, FALSE) -> 15.293097 | J7: =VLOOKUP($C7,Hoja1!$A:$L, 6, FALSE) -> 56.020493 | K7: =VLOOKUP($C7,Hoja1!$A:$L, 7, FALSE) -> 51.905955 | L7: =VLOOKUP($C7,Hoja1!$A:$L, 8, FALSE) -> 1.7397903 | M7: =VLOOKUP($C7,Hoja1!$A:$L, 9, FALSE) -> 138.24863 | N7: =VLOOKUP($C7,Hoja1!$A:$L, 10, FALSE) -> 0.56220349 | O7: =VLOOKUP($C7,Hoja1!$A:$L, 11, FALSE) -> 2.9283333 | P7: =VLOOKUP($C7,Hoja1!$A:$L, 12, FALSE) -> 92.296
A8: 18419877 | B8: 2 | C8: 42741 | D8: 42761 | E8: =D8-C8 -> 20 | F8: =VLOOKUP($C8,Hoja1!A:L, 2, FALSE) -> 21.052259 | G8: =VLOOKUP($C8,Hoja1!$A:$L, 3, FALSE) -> 31.732402 | H8: =VLOOKUP($C8,Hoja1!$A:$L, 4, FALSE) -> 7.382374 | I8: =VLOOKUP($C8,Hoja1!$A:$L, 5, FALSE) -> 15.293097 | J8: =VLOOKUP($C8,Hoja1!$A:$L, 6, FALSE) -> 56.020493 | K8: =VLOOKUP($C8,Hoja1!$A:$L, 7, FALSE) -> 51.905955 | L8: =VLOOKUP($C8,Hoja1!$A:$L, 8, FALSE) -> 1.7397903 | M8: =VLOOKUP($C8,Hoja1!$A:$L, 9, FALSE) -> 138.24863 | N8: =VLOOKUP($C8,Hoja1!$A:$L, 10, FALSE) -> 0.56220349 | O8: =VLOOKUP($C8,Hoja1!$A:$L, 11, FALSE) -> 2.9283333 | P8: =VLOOKUP($C8,Hoja1!$A:$L, 12, FALSE) -> 92.296
A9: 18719701 | B9: 2 | C9: 42741 | D9: 42748 | E9: =D9-C9 -> 7 | F9: =VLOOKUP($C9,Hoja1!A:L, 2, FALSE) -> 21.052259 | G9: =VLOOKUP($C9,Hoja1!$A:$L, 3, FALSE) -> 31.732402 | H9: =VLOOKUP($C9,Hoja1!$A:$L, 4, FALSE) -> 7.382374 | I9: =VLOOKUP($C9,Hoja1!$A:$L, 5, FALSE) -> 15.293097 | J9: =VLOOKUP($C9,Hoja1!$A:$L, 6, FALSE) -> 56.020493 | K9: =VLOOKUP($C9,Hoja1!$A:$L, 7, FALSE) -> 51.905955 | L9: =VLOOKUP($C9,Hoja1!$A:$L, 8, FALSE) -> 1.7397903 | M9: =VLOOKUP($C9,Hoja1!$A:$L, 9, FALSE) -> 138.24863 | N9: =VLOOKUP($C9,Hoja1!$A:$L, 10, FALSE) -> 0.56220349 | O9: =VLOOKUP($C9,Hoja1!$A:$L, 11, FALSE) -> 2.9283333 | P9: =VLOOKUP($C9,Hoja1!$A:$L, 12, FALSE) -> 92.296
A10: 18517662 | B10: 2 | C10: 42741 | D10: 42746 | E10: =D10-C10 -> 5 | F10: =VLOOKUP($C10,Hoja1!A:L, 2, FALSE) -> 21.052259 | G10: =VLOOKUP($C10,Hoja1!$A:$L, 3, FALSE) -> 31.732402 | H10: =VLOOKUP($C10,Hoja1!$A:$L, 4, FALSE) -> 7.382374 | I10: =VLOOKUP($C10,Hoja1!$A:$L, 5, FALSE) -> 15.293097 | J10: =VLOOKUP($C10,Hoja1!$A:$L, 6, FALSE) -> 56.020493 | K10: =VLOOKUP($C10,Hoja1!$A:$L, 7, FALSE) -> 51.905955 | L10: =VLOOKUP($C10,Hoja1!$A:$L, 8, FALSE) -> 1.7397903 | M10: =VLOOKUP($C10,Hoja1!$A:$L, 9, FALSE) -> 138.24863 | N10: =VLOOKUP($C10,Hoja1!$A:$L, 10, FALSE) -> 0.56220349 | O10: =VLOOKUP($C10,Hoja1!$A:$L, 11, FALSE) -> 2.9283333 | P10: =VLOOKUP($C10,Hoja1!$A:$L, 12, FALSE) -> 92.296
A11: 18432005 | B11: 2 | C11: 42741 | D11: 42747 | E11: =D11-C11 -> 6 | F11: =VLOOKUP($C11,Hoja1!A:L, 2, FALSE) -> 21.052259 | G11: =VLOOKUP($C11,Hoja1!$A:$L, 3, FALSE) -> 31.732402 | H11: =VLOOKUP($C11,Hoja1!$A:$L, 4, FALSE) -> 7.382374 | I11: =VLOOKUP($C11,Hoja1!$A:$L, 5, FALSE) -> 15.293097 | J11: =VLOOKUP($C11,Hoja1!$A:$L, 6, FALSE) -> 56.020493 | K11: =VLOOKUP($C11,Hoja1!$A:$L, 7, FALSE) -> 51.905955 | L11: =VLOOKUP($C11,Hoja1!$A:$L, 8, FALSE) -> 1.7397903 | M11: =VLOOKUP($C11,Hoja1!$A:$L, 9, FALSE) -> 138.24863 | N11: =VLOOKUP($C11,Hoja1!$A:$L, 10, FALSE) -> 0.56220349 | O11: =VLOOKUP($C11,Hoja1!$A:$L, 11, FALSE) -> 2.9283333 | P11: =VLOOKUP($C11,Hoja1!$A:$L, 12, FALSE) -> 92.296
A12: 18837099 | B12: 2 | C12: 42741 | D12: 42751 | E12: =D12-C12 -> 10 | F12: =VLOOKUP($C12,Hoja1!A:L, 2, FALSE) -> 21.052259 | G12: =VLOOKUP($C12,Hoja1!$A:$L, 3, FALSE) -> 31.732402 | H12: =VLOOKUP($C12,Hoja1!$A:$L, 4, FALSE) -> 7.382374 | I12: =VLOOKUP($C12,Hoja1!$A:$L, 5, FALSE) -> 15.293097 | J12: =VLOOKUP($C12,Hoja1!$A:$L, 6, FALSE) -> 56.020493 | K12: =VLOOKUP($C12,Hoja1!$A:$L, 7, FALSE) -> 51.905955 | L12: =VLOOKUP($C12,Hoja1!$A:$L, 8, FALSE) -> 1.7397903 | M12: =VLOOKUP($C12,Hoja1!$A:$L, 9, FALSE) -> 138.24863 | N12: =VLOOKUP($C12,Hoja1!$A:$L, 10, FALSE) -> 0.56220349 | O12: =VLOOKUP($C12,Hoja1!$A:$L, 11, FALSE) -> 2.9283333 | P12: =VLOOKUP($C12,Hoja1!$A:$L, 12, FALSE) -> 92.296
A13: 17743894 | B13: 1 | C13: 42741 | D13: 42753 | E13: =D13-C13 -> 12 | F13: =VLOOKUP($C13,Hoja1!A:L, 2, FALSE) -> 21.052259 | G13: =VLOOKUP($C13,Hoja1!$A:$L, 3, FALSE) -> 31.732402 | H13: =VLOOKUP($C13,Hoja1!$A:$L, 4, FALSE) -> 7.382374 | I13: =VLOOKUP($C13,Hoja1!$A:$L, 5, FALSE) -> 15.293097 | J13: =VLOOKUP($C13,Hoja1!$A:$L, 6, FALSE) -> 56.020493 | K13: =VLOOKUP($C13,Hoja1!$A:$L, 7, FALSE) -> 51.905955 | L13: =VLOOKUP($C13,Hoja1!$A:$L, 8, FALSE) -> 1.7397903 | M13: =VLOOKUP($C13,Hoja1!$A:$L, 9, FALSE) -> 138.24863 | N13: =VLOOKUP($C13,Hoja1!$A:$L, 10, FALSE) -> 0.56220349 | O13: =VLOOKUP($C13,Hoja1!$A:$L, 11, FALSE) -> 2.9283333 | P13: =VLOOKUP($C13,Hoja1!$A:$L, 12, FALSE) -> 92.296
A14: 18829177 | B14: 2 | C14: 42741 | D14: 42753 | E14: =D14-C14 -> 12 | F14: =VLOOKUP($C14,Hoja1!A:L, 2, FALSE) -> 21.052259 | G14: =VLOOKUP($C14,Hoja1!$A:$L, 3, FALSE) -> 31.732402 | H14: =VLOOKUP($C14,Hoja1!$A:$L, 4, FALSE) -> 7.382374 | I14: =VLOOKUP($C14,Hoja1!$A:$L, 5, FALSE) -> 15.293097 | J14: =VLOOKUP($C14,Hoja1!$A:$L, 6, FALSE) -> 56.020493 | K14: =VLOOKUP($C14,Hoja1!$A:$L, 7, FALSE) -> 51.905955 | L14: =VLOOKUP($C14,Hoja1!$A:$L, 8, FALSE) -> 1.7397903 | M14: =VLOOKUP($C14,Hoja1!$A:$L, 9, FALSE) -> 138.24863 | N14: =VLOOKUP($C14,Hoja1!$A:$L, 10, FALSE) -> 0.56220349 | O14: =VLOOKUP($C14,Hoja1!$A:$L, 11, FALSE) -> 2.9283333 | P14: =VLOOKUP($C14,Hoja1!$A:$L, 12, FALSE) -> 92.296
... A8651: 816582 | B8651: 2 | C8651: 43828 | D8651: 43829 | E8651: =D8651-C8651 -> 1 | F8651: =VLOOKUP($C8651,Hoja1!A:L, 2, FALSE) -> 8.4578788 | G8651: =VLOOKUP($C8651,Hoja1!$A:$L, 3, FALSE) -> 11.111013 | H8651: =VLOOKUP($C8651,Hoja1!$A:$L, 4, FALSE) -> 2.5282407 | I8651: =VLOOKUP($C8651,Hoja1!$A:$L, 5, FALSE) -> 27.658782 | J8651: =VLOOKUP($C8651,Hoja1!$A:$L, 6, FALSE) -> 7.524899 | K8651: =VLOOKUP($C8651,Hoja1!$A:$L, 7, FALSE) -> 15.568813 | L8651: =VLOOKUP($C8651,Hoja1!$A:$L, 8, FALSE) -> 0.50833333 | M8651: =VLOOKUP($C8651,Hoja1!$A:$L, 9, FALSE) -> 27.684779 | N8651: =VLOOKUP($C8651,Hoja1!$A:$L, 10, FALSE) -> 0.1655404 | O8651: =VLOOKUP($C8651,Hoja1!$A:$L, 11, FALSE) -> 5.7043333 | P8651: =VLOOKUP($C8651,Hoja1!$A:$L, 12, FALSE) -> 89.906

Sheet hombres
A1: FECHA | B1: PM25 | C1: PM10 | D1: SO2 | E1: O3 | F1: NO | G1: NO2 | H1: C6H6 | I1: NOx | J1: CO | K1: temperatura | L1: humedad | M1: ingresos | N1: exitus
A2: 42741 | B2: 21.052259 | C2: 31.732402 | D2: 7.382374 | E2: 15.293097 | F2: 56.020493 | G2: 51.905955 | H2: 1.7397903 | I2: 138.24863 | J2: 0.56220349 | K2: 2.9283333 | L2: 92.296 | M2: 6 | N2: 1
A3: 42742 | B3: 19.487836 | C3: 30.30552 | D3: 7.7683115 | E3: 15.693876 | F3: 61.867302 | G3: 53.897799 | H3: 1.773957 | I3: 149.11264 | J3: 0.58506807 | K3: 3.488 | L3: 89.619667 | M3: 11 | N3: 1
A4: 42743 | B4: 18.834769 | C4: 29.662622 | D4: 7.9598835 | E4: 15.814831 | F4: 66.636391 | G4: 55.215762 | H4: 1.8055194 | I4: 157.66643 | J4: 0.60332894 | K4: 3.304 | L4: 87.758 | M4: 8 | N4: 2
A5: 42744 | B5: 17.232117 | C5: 26.740487 | D5: 8.0164279 | E5: 17.071243 | F5: 61.564543 | G5: 54.32352 | H5: 1.7517231 | I5: 148.01209 | J5: 0.59642418 | K5: 2.6303333 | L5: 86.475333 | M5: 11 | N5: 5
A6: 42745 | B6: 15.749668 | C6: 25.088097 | D6: 8.3675601 | E6: 17.663373 | F6: 63.787389 | G6: 56.497351 | H6: 1.7088022 | I6: 155.16582 | J6: 0.60333692 | K6: 2.1893333 | L6: 83.088667 | M6: 19 | N6: 8
A7: 42746 | B7: 15.120837 | C7: 24.515921 | D7: 9.1154762 | E7: 18.843452 | F7: 63.639985 | G7: 57.490928 | H7: 1.6324328 | I7: 154.90132 | J7: 0.5975744 | K7: 2.2576667 | L7: 80.009333 | M7: 22 | N7: 1
A8: 42747 | B8: 13.925141 | C8: 23.377817 | D8: 9.1714363 | E8: 20.466066 | F8: 60.777427 | G8: 56.621144 | H8: 1.528859 | I8: 150.3614 | J8: 0.58137261 | K8: 3.4603333 | L8: 79.445333 | M8: 13 | N8: 1
A9: 42748 | B9: 13.546576 | C9: 22.737871 | D9: 8.9814661 | E9: 20.42404 | F9: 61.458 | G9: 54.334706 | H9: 1.5362942 | I9: 148.06459 | J9: 0.5640505 | K9: 4.4586667 | L9: 80.668333 | M9: 18 | N9: 0
A10: 42749 | B10: 11.56653 | C10: 19.920688 | D10: 8.4868165 | E10: 26.959 | F10: 52.992162 | G10: 49.472193 | H10: 1.3380534 | I10: 130.46973 | J10: 0.50936435 | K10: 5.6763333 | L10: 77.398 | M10: 6 | N10: 0
A11: 42750 | B11: 9.8291852 | C11: 16.400132 | D11: 7.957129 | E11: 32.057242 | F11: 40.029752 | G11: 43.824617 | H11: 1.1724642 | I11: 104.63526 | J11: 0.45410394 | K11: 5.678 | L11: 75.715667 | M11: 8 | N11: 7
A12: 42751 | B12: 7.9603446 | C12: 12.916243 | D12: 7.0588403 | E12: 37.633701 | F12: 28.876291 | G12: 38.496158 | H12: 1.0440188 | I12: 82.727008 | J12: 0.40280185 | K12: 5.3243333 | L12: 74.045667 | M12: 15 | N12: 5
A13: 42752 | B13: 7.7316593 | C13: 12.39704 | D13: 6.9114399 | E13: 40.108613 | F13: 26.276783 | G13: 38.143905 | H13: 0.97231481 | I13: 77.947219 | J13: 0.39613001 | K13: 4.7463333 | L13: 72.511667 | M13: 11 | N13: 2
... A1091: 43830 | B1091: 13.414366 | C1091: 14.718703 | D1091: 2.5475463 | E1091: 30.034154 | F1091: 10.856207 | G1091: 15.52012 | H1091: 0.225 | I1091: 32.838093 | J1091: 0.20360985 | K1091: 4.329 | L1091: 88.55 | M1091: 0 | N1091: 1

Sheet mujeres
A1: FECHA | B1: PM25 | C1: PM10 | D1: SO2 | E1: O3 | F1: NO | G1: NO2 | H1: C6H6 | I1: NOx | J1: CO | K1: temperatura | L1: humedad | M1: ingresos | N1: exitus
A2: 42741 | B2: 21.052259 | C2: 31.732402 | D2: 7.382374 | E2: 15.293097 | F2: 56.020493 | G2: 51.905955 | H2: 1.7397903 | I2: 138.24863 | J2: 0.56220349 | K2: 2.9283333 | L2: 92.296 | M2: 10 | N2: 1
A3: 42742 | B3: 19.487836 | C3: 30.30552 | D3: 7.7683115 | E3: 15.693876 | F3: 61.867302 | G3: 53.897799 | H3: 1.773957 | I3: 149.11264 | J3: 0.58506807 | K3: 3.488 | L3: 89.619667 | M3: 8 | N3: 1
A4: 42743 | B4: 18.834769 | C4: 29.662622 | D4: 7.9598835 | E4: 15.814831 | F4: 66.636391 | G4: 55.215762 | H4: 1.8055194 | I4: 157.66643 | J4: 0.60332894 | K4: 3.304 | L4: 87.758 | M4: 7 | N4: 2
A5: 42744 | B5: 17.232117 | C5: 26.740487 | D5: 8.0164279 | E5: 17.071243 | F5: 61.564543 | G5: 54.32352 | H5: 1.7517231 | I5: 148.01209 | J5: 0.59642418 | K5: 2.6303333 | L5: 86.475333 | M5: 22 | N5: 5
A6: 42745 | B6: 15.749668 | C6: 25.088097 | D6: 8.3675601 | E6: 17.663373 | F6: 63.787389 | G6: 56.497351 | H6: 1.7088022 | I6: 155.16582 | J6: 0.60333692 | K6: 2.1893333 | L6: 83.088667 | M6: 24 | N6: 8
A7: 42746 | B7: 15.120837 | C7: 24.515921 | D7: 9.1154762 | E7: 18.843452 | F7: 63.639985 | G7: 57.490928 | H7: 1.6324328 | I7: 154.90132 | J7: 0.5975744 | K7: 2.2576667 | L7: 80.009333 | M7: 31 | N7: 1
A8: 42747 | B8: 13.925141 | C8: 23.377817 | D8: 9.1714363 | E8: 20.466066 | F8: 60.777427 | G8: 56.621144 | H8: 1.528859 | I8: 150.3614 | J8: 0.58137261 | K8: 3.4603333 | L8: 79.445333 | M8: 17 | N8: 1
A9: 42748 | B9: 13.546576 | C9: 22.737871 | D9: 8.9814661 | E9: 20.42404 | F9: 61.458 | G9: 54.334706 | H9: 1.5362942 | I9: 148.06459 | J9: 0.5640505 | K9: 4.4586667 | L9: 80.668333 | M9: 11 | N9: 0
A10: 42749 | B10: 11.56653 | C10: 19.920688 | D10: 8.4868165 | E10: 26.959 | F10: 52.992162 | G10: 49.472193 | H10: 1.3380534 | I10: 130.46973 | J10: 0.50936435 | K10: 5.6763333 | L10: 77.398 | M10: 9 | N10: 0
A11: 42750 | B11: 9.8291852 | C11: 16.400132 | D11: 7.957129 | E11: 32.057242 | F11: 40.029752 | G11: 43.824617 | H11: 1.1724642 | I11: 104.63526 | J11: 0.45410394 | K11: 5.678 | L11: 75.715667 | M11: 11 | N11: 7
A12: 42751 | B12: 7.9603446 | C12: 12.916243 | D12: 7.0588403 | E12: 37.633701 | F12: 28.876291 | G12: 38.496158 | H12: 1.0440188 | I12: 82.727008 | J12: 0.40280185 | K12: 5.3243333 | L12: 74.045667 | M12: 15 | N12: 5
A13: 42752 | B13: 7.7316593 | C13: 12.39704 | D13: 6.9114399 | E13: 40.108613 | F13: 26.276783 | G13: 38.143905 | H13: 0.97231481 | I13: 77.947219 | J13: 0.39613001 | K13: 4.7463333 | L13: 72.511667 | M13: 13 | N13: 2
... A1091: 43830 | B1091: 13.414366 | C1091: 14.718703 | D1091: 2.5475463 | E1091: 30.034154 | F1091: 10.856207 | G1091: 15.52012 | H1091: 0.225 | I1091: 32.838093 | J1091: 0.20360985 | K1091: 4.329 | L1091: 88.55 | M1091: 0 | N1091: 1
